<?xml version="1.0" encoding="UTF-8"?><!DOCTYPE generatorConfiguration
  PUBLIC "-//mybatis.org//DTD MyBatis Generator Configuration 1.0//EN"
  "http://mybatis.org/dtd/mybatis-generator-config_1_0.dtd">

<generatorConfiguration>
  
  <!-- 配置mysql 驱动jar包路径.用了绝对路径 -->
  <classPathEntry location="E:\repo\mysql\mysql-connector-java\5.1.38\mysql-connector-java-5.1.38.jar" />

  <context id="keny_mysql_tables" targetRuntime="MyBatis3">
  
    <!-- 为了防止生成的代码中有很多注释，比较难看，加入下面的配置控制 -->
    <commentGenerator>
      <property name="suppressAllComments" value="true" />
      <property name="suppressDate" value="true" />
    </commentGenerator>
    <!-- 注释控制完毕 -->
  
    <!-- 数据库连接
    <jdbcConnection driverClass="oracle.jdbc.driver.OracleDriver"
        connectionURL="jdbc:oracle:thin:@127.0.0.1:1521:ORCL"
        userId="scott"
        password="tiger">
    </jdbcConnection>
     -->
     <jdbcConnection driverClass="com.mysql.jdbc.Driver"
        connectionURL="jdbc:mysql://localhost:3306/test"
        userId="root"
        password="root">
    </jdbcConnection>

    <javaTypeResolver >
      <property name="forceBigDecimals" value="false" />
    </javaTypeResolver>
    
    <!-- 数据表对应的model 层  -->
    <javaModelGenerator targetPackage="com.keny.model" targetProject="mybatis_spring_springmvc">
      <property name="enableSubPackages" value="true" />
      <property name="trimStrings" value="true" />
    </javaModelGenerator>
    
    <!-- sql mapper 隐射配置文件 -->
    <sqlMapGenerator targetPackage="com.keny.mapper"  targetProject="mybatis_spring_springmvc">
      <property name="enableSubPackages" value="true" />
    </sqlMapGenerator>
    
    <!-- 在ibatis2 中是dao层，但在mybatis3中，其实就是mapper接口 -->
    <javaClientGenerator type="XMLMAPPER" targetPackage="com.keny.mapper"  targetProject="mybatis_spring_springmvc">
      <property name="enableSubPackages" value="true" />
    </javaClientGenerator>
    
    <!-- 要对那些数据表进行生成操作，必须要有一个. -->
    <table schema="" tableName="t_dossiers" domainObjectName="Dossiers" 
        enableCountByExample="false" enableUpdateByExample="false"
        enableDeleteByExample="false" enableSelectByExample="false"
        selectByExampleQueryId="false">     
    </table>
	
	<table schema="" tableName="t_user" domainObjectName="User" 
        enableCountByExample="false" enableUpdateByExample="false"
        enableDeleteByExample="false" enableSelectByExample="false"
        selectByExampleQueryId="false">     
    </table>
    <table schema="" tableName="t_role" domainObjectName="Role" 
        enableCountByExample="false" enableUpdateByExample="false"
        enableDeleteByExample="false" enableSelectByExample="false"
        selectByExampleQueryId="false">     
    </table>
     <table schema="" tableName="t_user_role" domainObjectName="UserRole" 
        enableCountByExample="false" enableUpdateByExample="false"
        enableDeleteByExample="false" enableSelectByExample="false"
        selectByExampleQueryId="false">     
    </table>
    <table schema="" tableName="t_resources" domainObjectName="Resources" 
        enableCountByExample="false" enableUpdateByExample="false"
        enableDeleteByExample="false" enableSelectByExample="false"
        selectByExampleQueryId="false">     
    </table>
    <table schema="" tableName="t_role_resources" domainObjectName="RoleResources" 
        enableCountByExample="false" enableUpdateByExample="false"
        enableDeleteByExample="false" enableSelectByExample="false"
        selectByExampleQueryId="false">     
    </table>
  </context>
</generatorConfiguration>

