<?xml version="1.0" encoding="UTF-8"?>
<beans xmlns="http://www.springframework.org/schema/beans"
	xmlns:context="http://www.springframework.org/schema/context"
	xmlns:xsi="http://www.w3.org/2001/XMLSchema-instance"
	xsi:schemaLocation="http://www.springframework.org/schema/beans 
    http://www.springframework.org/schema/beans/spring-beans.xsd
    http://www.springframework.org/schema/context
    http://www.springframework.org/schema/context/spring-context.xsd">
    
    <!-- 自动扫描controller包下的所有类，使其认为spring mvc的控制器 -->
    <context:component-scan base-package="com.keny.controller" />
    
    <!-- jackson-mapper-asl.jar -->
    <!-- 避免IE执行AJAX时，返回JSON出现下载文件 -->
    <bean id="mappingJackson2HttpMessageConverter"  class="org.springframework.http.converter.json.MappingJackson2HttpMessageConverter">
    	<property name="supportedMediaTypes">
    		<list>
    			<value>text/html;charset=UTF-8</value>
    		</list>
    	</property>
    </bean>
    
    <!-- 启动Spring MVC的注解功能，完成请求和注解POJO的映射 -->
    <bean class="org.springframework.web.servlet.mvc.method.annotation.RequestMappingHandlerAdapter">
    	<property name="messageConverters">
    		<list>
    			<ref bean="mappingJackson2HttpMessageConverter"/><!-- json转换器 -->
    		</list>
    	</property>
    </bean>
    
    <!-- 对模型视 图名称的解析，即在模型视图名称添加前后缀 -->
    <bean id="viewResolver" class="org.springframework.web.servlet.view.InternalResourceViewResolver">
    	<property name="viewClass" value="org.springframework.web.servlet.view.JstlView" />
    	<property name="prefix" value="/"/>
        <property name="suffix" value=".jsp" />
    </bean>
    
    <!-- 文件上传 commons-fileupload.jar -->
    <bean id="multipartResolver" class="org.springframework.web.multipart.commons.CommonsMultipartResolver">
    	<property name="defaultEncoding">
    		<value>UTF-8</value>
    	</property>
    	<property name="maxUploadSize">
    		<value>32505856</value><!-- 上传文件大 小为31M 31*1024*1024 -->
    	</property>
    	<property name="maxInMemorySize">
    		<value>4094</value>
    	</property>
    </bean>
</beans>