<?xml version="1.0" encoding="UTF-8"?>
<beans xmlns="http://www.springframework.org/schema/beans"
    xmlns:xsi="http://www.w3.org/2001/XMLSchema-instance"
    xmlns:aop="http://www.springframework.org/schema/aop"
    xmlns:tx="http://www.springframework.org/schema/tx"
    xsi:schemaLocation="http://www.springframework.org/schema/beans 
    http://www.springframework.org/schema/beans/spring-beans.xsd
    http://www.springframework.org/schema/aop 
    http://www.springframework.org/schema/aop/spring-aop.xsd 
    http://www.springframework.org/schema/tx  
    http://www.springframework.org/schema/tx/spring-tx.xsd">

    <!-- 配置数据源 -->
	<bean name="dataSource" class="com.alibaba.druid.pool.DruidDataSource" init-method="init" destroy-method="close">
		<property name="url" value="${jdbc_url}" />
		<property name="username" value="${jdbc_username}" />
		<property name="password" value="${jdbc_password}" />

		<!-- 初始化连接大小 -->
		<property name="initialSize" value="0" />
		<!-- 连接池最大使用连接数量 -->
		<property name="maxActive" value="20" />
		<!-- 连接池最大空闲 -->
		<property name="maxIdle" value="20" />
		<!-- 连接池最小空闲 -->
		<property name="minIdle" value="0" />
		<!-- 获取连接最大等待时间 -->
		<property name="maxWait" value="60000" />

		<!-- <property name="poolPreparedStatements" value="true" /> 
			 <property name="maxPoolPreparedStatementPerConnectionSize" value="33" /> -->

		<property name="validationQuery" value="${validationQuery}" />
		<property name="testOnBorrow" value="false" />
		<property name="testOnReturn" value="false" />
		<property name="testWhileIdle" value="true" />

		<!-- 配置间隔多久才进行一次检测，检测需要关闭的空闲连接，单位是毫秒 -->
		<property name="timeBetweenEvictionRunsMillis" value="60000" />
		<!-- 配置一个连接在池中最小生存的时间，单位是毫秒 -->
		<property name="minEvictableIdleTimeMillis" value="25200000" />

		<!-- 打开removeAbandoned功能 -->
		<property name="removeAbandoned" value="true" />
		<!-- 1800秒，也就是30分钟 -->
		<property name="removeAbandonedTimeout" value="1800" />
		<!-- 关闭abanded连接时输出错误日志 -->
		<property name="logAbandoned" value="true" />

		<!-- 监控数据库 -->
		<!-- <property name="filters" value="stat" /> -->
		<property name="filters" value="mergeStat" />
	</bean>
	
	<!-- 配置SqlSessionFactoryBean -->
	<bean id="sqlSessionFactory" class="org.mybatis.spring.SqlSessionFactoryBean">
		<!-- 实例化sqlSessionFactory时需要使用上述配置好的数据源以及SQL映射文件 -->
		<property name="dataSource" ref="dataSource" />
		<!-- 自动扫描com/keny/mapper目录下的所有SQL映射的xml文件, 省掉Configuration.xml里的手工配置
        value="classpath:com/keny/mapper/*.xml"指的是classpath(类路径)下com/keny/mapper包中的所有xml文件
        UserMapper.xml位于com/keny/mapper包下，这样UserMapper.xml就可以被自动扫描 -->
		<property name="mapperLocations" value="classpath:com/keny/mapper/*.xml" />
	</bean>
	
	<!-- 配置扫描器 -->
	<bean class="org.mybatis.spring.mapper.MapperScannerConfigurer">
		<!-- 扫描com.keny.mapper包以及它的子包下的所有映射接口类 -->
		<property name="basePackage" value="com.keny.mapper" />
	</bean>
	
	<!-- 配置事务 -->
	<bean name="transactionManager"
		class="org.springframework.jdbc.datasource.DataSourceTransactionManager">
		<property name="dataSource" ref="dataSource" />
	</bean>
	
	<!-- 注解方式配置事物 -->
	<tx:annotation-driven transaction-manager="transactionManager" />
	
	<!-- 配置druid监控spring jdbc -->
	<bean id="druid-stat-interceptor"
		class="com.alibaba.druid.support.spring.stat.DruidStatInterceptor">
	</bean>
	<bean id="druid-stat-pointcut" class="org.springframework.aop.support.JdkRegexpMethodPointcut"
		scope="prototype">
		<property name="patterns">
			<list>
				<value>com.keny.service.*</value>
			</list>
		</property>
	</bean>
	<aop:config>
		<aop:advisor advice-ref="druid-stat-interceptor"
			pointcut-ref="druid-stat-pointcut" />
	</aop:config>
    
</beans>