<?xml version="1.0" encoding="UTF-8" ?>
<!DOCTYPE mapper PUBLIC "-//mybatis.org//DTD Mapper 3.0//EN" "http://mybatis.org/dtd/mybatis-3-mapper.dtd" >
<mapper namespace="com.keny.mapper.RoleResourcesMapper" >
  <resultMap id="BaseResultMap" type="com.keny.model.RoleResources" >
    <id column="id" property="id" jdbcType="VARCHAR" />
    <result column="rid" property="rid" jdbcType="VARCHAR" />
    <result column="resid" property="resid" jdbcType="VARCHAR" />
  </resultMap>
  <sql id="Base_Column_List" >
    id, rid, resid
  </sql>
  <select id="selectByPrimaryKey" resultMap="BaseResultMap" parameterType="java.lang.String" >
    select 
    <include refid="Base_Column_List" />
    from t_role_resources
    where id = #{id,jdbcType=VARCHAR}
  </select>
  <delete id="deleteByPrimaryKey" parameterType="java.lang.String" >
    delete from t_role_resources
    where id = #{id,jdbcType=VARCHAR}
  </delete>
  <insert id="insert" parameterType="com.keny.model.RoleResources" >
    insert into t_role_resources (id, rid, resid
      )
    values (#{id,jdbcType=VARCHAR}, #{rid,jdbcType=VARCHAR}, #{resid,jdbcType=VARCHAR}
      )
  </insert>
  <insert id="insertSelective" parameterType="com.keny.model.RoleResources" >
    insert into t_role_resources
    <trim prefix="(" suffix=")" suffixOverrides="," >
      <if test="id != null" >
        id,
      </if>
      <if test="rid != null" >
        rid,
      </if>
      <if test="resid != null" >
        resid,
      </if>
    </trim>
    <trim prefix="values (" suffix=")" suffixOverrides="," >
      <if test="id != null" >
        #{id,jdbcType=VARCHAR},
      </if>
      <if test="rid != null" >
        #{rid,jdbcType=VARCHAR},
      </if>
      <if test="resid != null" >
        #{resid,jdbcType=VARCHAR},
      </if>
    </trim>
  </insert>
  <update id="updateByPrimaryKeySelective" parameterType="com.keny.model.RoleResources" >
    update t_role_resources
    <set >
      <if test="rid != null" >
        rid = #{rid,jdbcType=VARCHAR},
      </if>
      <if test="resid != null" >
        resid = #{resid,jdbcType=VARCHAR},
      </if>
    </set>
    where id = #{id,jdbcType=VARCHAR}
  </update>
  <update id="updateByPrimaryKey" parameterType="com.keny.model.RoleResources" >
    update t_role_resources
    set rid = #{rid,jdbcType=VARCHAR},
      resid = #{resid,jdbcType=VARCHAR}
    where id = #{id,jdbcType=VARCHAR}
  </update>
</mapper>