<?xml version="1.0" encoding="UTF-8" ?>
<!DOCTYPE mapper PUBLIC "-//mybatis.org//DTD Mapper 3.0//EN" "http://mybatis.org/dtd/mybatis-3-mapper.dtd" >
<mapper namespace="com.keny.mapper.UserRoleMapper" >
  <resultMap id="BaseResultMap" type="com.keny.model.UserRole" >
    <id column="id" property="id" jdbcType="VARCHAR" />
    <result column="uid" property="uid" jdbcType="VARCHAR" />
    <result column="rid" property="rid" jdbcType="VARCHAR" />
  </resultMap>
  <sql id="Base_Column_List" >
    id, uid, rid
  </sql>
  <select id="selectByPrimaryKey" resultMap="BaseResultMap" parameterType="java.lang.String" >
    select 
    <include refid="Base_Column_List" />
    from t_user_role
    where id = #{id,jdbcType=VARCHAR}
  </select>
  <delete id="deleteByPrimaryKey" parameterType="java.lang.String" >
    delete from t_user_role
    where id = #{id,jdbcType=VARCHAR}
  </delete>
  <insert id="insert" parameterType="com.keny.model.UserRole" >
    insert into t_user_role (id, uid, rid)
    values (#{id,jdbcType=VARCHAR}, #{uid,jdbcType=VARCHAR}, #{rid,jdbcType=VARCHAR})
  </insert>
  <insert id="insertSelective" parameterType="com.keny.model.UserRole" >
    insert into t_user_role
    <trim prefix="(" suffix=")" suffixOverrides="," >
      <if test="id != null" >
        id,
      </if>
      <if test="uid != null" >
        uid,
      </if>
      <if test="rid != null" >
        rid,
      </if>
    </trim>
    <trim prefix="values (" suffix=")" suffixOverrides="," >
      <if test="id != null" >
        #{id,jdbcType=VARCHAR},
      </if>
      <if test="uid != null" >
        #{uid,jdbcType=VARCHAR},
      </if>
      <if test="rid != null" >
        #{rid,jdbcType=VARCHAR},
      </if>
    </trim>
  </insert>
  <update id="updateByPrimaryKeySelective" parameterType="com.keny.model.UserRole" >
    update t_user_role
    <set >
      <if test="uid != null" >
        uid = #{uid,jdbcType=VARCHAR},
      </if>
      <if test="rid != null" >
        rid = #{rid,jdbcType=VARCHAR},
      </if>
    </set>
    where id = #{id,jdbcType=VARCHAR}
  </update>
  <update id="updateByPrimaryKey" parameterType="com.keny.model.UserRole" >
    update t_user_role
    set uid = #{uid,jdbcType=VARCHAR},
      rid = #{rid,jdbcType=VARCHAR}
    where id = #{id,jdbcType=VARCHAR}
  </update>
</mapper>